msa,sa50,sa75
0.43562168677003077,0.7101481071041281,0.4724010945117092
