,msa,sa50,sa75
0,0.6477525607253328,0.9293435667901185,0.750961836817713
1,0.693735216118805,0.9361974633095106,0.8151997912690174
2,0.7268293734241834,0.9391599561244868,0.8522759597490676
3,0.7517640480899525,0.9404351258631368,0.8732371412634055
4,0.7712040187354087,0.9411665845807622,0.8852444277313106
5,0.7867717345396241,0.9419076676393694,0.8933981817940133
6,0.7995391516875582,0.9423489221390896,0.8984899738970564
7,0.8098483564344346,0.94266370908642,0.9015961746688059
