msa,sa50,sa75
0.5836489588279583,0.7122512289757241,0.6890066459616293
