msa,sa50,sa75
0.5862943687194466,0.7493867742413969,0.679964485325695
