msa,sa50,sa75
0.5774398920457551,0.7180893890593151,0.6896335904925969
