msa,sa50,sa75
0.5655908390795126,0.7305605710258608,0.6653298585112022
