msa,sa50,sa75
0.06464121601027743,0.09683995238598109,0.07075536574391342
