msa,sa50,sa75
0.024888275974812867,0.051031050062742556,0.022553745294398388
