,msa,sa50,sa75
0,0.5931420782859859,0.9586730989120074,0.6636199936782969
1,0.6549473706989701,0.9785305571354556,0.7666714340362685
2,0.7037443928609264,0.9908780393225136,0.8448609845020343
3,0.7385094585595114,0.9942437007521207,0.8896665643790644
4,0.7630809301178176,0.996636490268866,0.9181397156788542
5,0.781958651691727,0.9972987051861594,0.9360760514132309
6,0.796064513295252,0.9981849872388289,0.9458111143061931
7,0.8066201886751785,0.9975602764380568,0.9525798737233245
