msa,sa50,sa75
0.24624916426586682,0.555064048446242,0.1915671942046157
