msa,sa50,sa75
0.2058972127012133,0.47357101551688474,0.1558730151868801
