msa,sa50,sa75
0.17071582032918284,0.37194879981080314,0.13701732898158112
