msa,sa50,sa75
0.22673665684703773,0.5360239335639585,0.15899210704040953
