msa,sa50,sa75
0.07608999006498159,0.10915933466470895,0.08557650573596168
