msa,sa50,sa75
0.03807335230559052,0.06823153347278738,0.03713053569983708
