,msa,sa50,sa75
0,0.07824609442508737,0.12611560440139125,0.08289226170781663
1,0.13838063293336428,0.286456374652807,0.12136206294278082
2,0.2133371840004478,0.4786130644513008,0.16966891976499596
3,0.31598163094902676,0.6866874093357884,0.25002414635257064
4,0.41259266496637415,0.8292136996522352,0.3507414958464562
5,0.4903522188586341,0.9089347376985522,0.45684714233791074
6,0.551551992713992,0.9492121591061679,0.5559470681920452
7,0.5989469174458618,0.9718895803685446,0.6365100318648349
