msa,sa50,sa75
0.22717243352705713,0.3593493393851165,0.2527371120300721
