,msa,sa50,sa75
0,0.2582243505054961,0.4177350148049307,0.2804356996596167
1,0.30148648200153916,0.5095384577681294,0.32026679289196813
2,0.2987767610770364,0.5058682272437036,0.31175713098469426
3,0.26949819502929817,0.4637636937166766,0.2775752441653023
4,0.24873420884399566,0.4381133196857306,0.2542456326555962
5,0.23192409879880055,0.4249288860872832,0.23205356252901832
6,0.2141601299586851,0.4115564887586721,0.20501413668674823
7,0.19815111268082503,0.4012047095598585,0.17986626653341994
