msa,sa50,sa75
0.3821131154700797,0.5276421448676556,0.43452946854553287
