msa,sa50,sa75
0.4927872984735681,0.6655641793973945,0.6033959119446686
