msa,sa50,sa75
0.5237698595821274,0.7618132683170433,0.6272788566821614
