,msa,sa50,sa75
0,0.6027445912937732,0.9172335935036897,0.6880826178900978
1,0.6845654240118713,0.9453158488202603,0.8056415909945425
2,0.7495587044027366,0.9766632940394245,0.8720955095220875
3,0.7951689558412258,0.9869460582410448,0.9167149034160009
4,0.8259307828926412,0.9912543586363016,0.9426454354528487
5,0.8515779928568458,0.9947186037502244,0.9622181346365808
6,0.8701314103835502,0.9950721391037598,0.9743748905472923
7,0.8828525577428453,0.9950721391037598,0.9812539447601063
