msa,sa50,sa75
0.48589634894111394,0.6145377402662938,0.5591194839066972
