msa,sa50,sa75
0.09053249258208995,0.18873661493590932,0.08293091278708131
