msa,sa50,sa75
0.4297564320374104,0.7055948450521679,0.4637000029385975
