msa,sa50,sa75
0.10485276616376236,0.18921940150735403,0.10946516220030997
