msa,sa50,sa75
0.11824612064547722,0.20805281811403809,0.127788392326731
