msa,sa50,sa75
0.5342480164898857,0.7001000850738243,0.6656686582248956
