msa,sa50,sa75
0.5330027656122025,0.7676402990129684,0.652398702013908
