,msa,sa50,sa75
0,0.6303760953286199,0.9283613770431891,0.7259490496282851
1,0.7271479131894507,0.9693551556041675,0.8578322992044398
2,0.7863883129355541,0.9882171776917185,0.9131861817400104
3,0.8244429165101651,0.992558379257984,0.9423396807990476
4,0.85076125965045,0.9947186037502244,0.9606351620065199
5,0.8695850640176421,0.9947186037502244,0.9736614111043315
6,0.8858293116918424,0.9956510046826252,0.985177437165812
7,0.9006762354353417,0.9956510046826252,0.9900819880387424
