msa,sa50,sa75
0.5038740816911844,0.6916530979897862,0.6234874074658332
