msa,sa50,sa75
0.4970742496165649,0.7452420673814841,0.5980313648084746
