,msa,sa50,sa75
0,0.7980817680383172,0.9947186037502244,0.9511948325535252
1,0.8339658206318005,0.9947186037502244,0.9746828171767048
2,0.8581413134258775,0.9954761795078002,0.9887249158934203
3,0.8718715601088602,0.996408580440201,0.9910260790300316
4,0.883643615729137,0.996408580440201,0.9941915945275629
5,0.8921355237737988,0.9959251749567957,0.9939148006144054
6,0.9011553566265291,0.9972337149016992,0.9953742107694677
7,0.907984560092733,0.9967503094182937,0.9952669442985649
