msa,sa50,sa75
0.509165707266242,0.6785237716539984,0.6391965791007382
