msa,sa50,sa75
0.5148520320549186,0.7408021810940641,0.6386985464822527
