,msa,sa50,sa75
0,0.579290764506784,0.9145667130527934,0.663061446516525
1,0.711223164027884,0.9659873292230272,0.8385259072208169
2,0.7725345959611514,0.9837360973608358,0.9038605610816479
3,0.8151091853864214,0.9905447363352502,0.9396064560897709
4,0.8479293384018557,0.9941676395628963,0.967699874922724
5,0.8715108493515953,0.9947186037502244,0.9793321501149914
6,0.8867285062731892,0.9955266845583052,0.9836012016091068
7,0.9017271574781673,0.9955266845583052,0.9907187634499888
