,msa,sa50,sa75
0,0.824577437255196,0.9954761795078002,0.9688739818357288
1,0.852045249081702,0.9966827507143714,0.9819713915667733
2,0.8737607670348032,0.9966827507143714,0.9877099894688827
3,0.889568049537866,0.9972166612482817,0.9915291332880267
4,0.9024569057881563,0.9980680320996526,0.993835749231006
5,0.9129546791199118,0.9977650017966224,0.9938528028844233
6,0.9255270629001708,0.9974908315224521,0.9959251749567957
7,0.9367785372616947,0.99804179570978,0.9959251749567957
