msa,sa50,sa75
0.07988601687857637,0.19536147339164833,0.057637187307111336
