msa,sa50,sa75
0.14400215667057115,0.39641155462845123,0.07626689088581509
