msa,sa50,sa75
0.41761671083238905,0.6868567556323775,0.45063087399107804
