msa,sa50,sa75
0.35557008098665815,0.5467237623199277,0.39988779872687774
