msa,sa50,sa75
0.13459326975245417,0.1731393365549159,0.1602237040431987
