msa,sa50,sa75
0.06430674604806515,0.08496612402826174,0.07598318833593347
