msa,sa50,sa75
0.12073897590099719,0.14339369460179238,0.1313356285981788
