,msa,sa50,sa75
0,0.5843784451123525,0.742402008633925,0.6384405961176579
1,0.6649083935672512,0.8332149192173244,0.7306345499691015
2,0.7062086978525708,0.8527215979985333,0.7760802376795052
3,0.7289397369368157,0.8739891641650662,0.8005215570111466
4,0.7410475895451568,0.8859541913795841,0.818111536730514
5,0.7448246908647259,0.8895190269734052,0.831093864926383
6,0.7416472747297068,0.8946441304816755,0.8355423462847196
7,0.7365541782895114,0.8982808677745392,0.8351754824047912
