msa,sa50,sa75
0.340614750788787,0.5331129035333244,0.37988833753941736
