msa,sa50,sa75
0.314884954067805,0.488494700415521,0.3543373658931705
