msa,sa50,sa75
0.36490571170392583,0.6166296447253928,0.39543062334954765
