msa,sa50,sa75
0.2917001542286596,0.4567462735547909,0.32728600531874597
