msa,sa50,sa75
0.3473917092212614,0.5942895027345566,0.37384866020157653
