msa,sa50,sa75
0.19196278657309332,0.317426435709202,0.20753084275159378
