,msa,sa50,sa75
0,0.23428142380703573,0.4029030042276065,0.24485476664568334
1,0.2566894396613229,0.46312318215257475,0.25623965227463963
2,0.2827140167709703,0.507595906218061,0.2814989197316172
3,0.28207634576580254,0.5045447443703317,0.27769232111142
4,0.2743372439688219,0.4988233977420705,0.2669684317341389
5,0.26466101577718254,0.4861838679365709,0.2540447807950442
6,0.2533408811391572,0.4741947545770861,0.23962698495816775
7,0.2388504674085298,0.45801335857766245,0.22221753568504488
