msa,sa50,sa75
0.23290151830064001,0.2740514155971128,0.25453995038666927
