,msa,sa50,sa75
0,0.7656302827765239,0.993561578956836,0.8853878921687266
1,0.7601664912151728,0.9892744808066215,0.864789404942776
2,0.7700276527037726,0.987682050015106,0.8748885907964866
3,0.7741639003269413,0.9819913029053864,0.8705519066132903
4,0.7808159139857336,0.9816377675518511,0.8778927543973372
5,0.7833099302105511,0.9766198678699199,0.8792434187445083
6,0.7822769759173137,0.9749789183687665,0.8721603769728383
7,0.7774603112594476,0.9699668365212364,0.867588977493792
