,msa,sa50,sa75
0,0.5614468119917114,0.7934874066395642,0.5897764822693498
1,0.5304145760150958,0.7594411610116851,0.5529174510399478
2,0.5792585071710316,0.8041979313062088,0.6133951152054842
3,0.6088889447438407,0.8286735873299749,0.662534955279396
4,0.6302277525919898,0.8371599541144362,0.6935104344552925
5,0.6451672740243729,0.8503599801471695,0.7143444911827651
6,0.6569204477538413,0.8558594681750781,0.7280308830455173
7,0.6596478614239633,0.8597133606048465,0.7317881364345408
