msa,sa50,sa75
0.04967406634742871,0.10998113474902053,0.042662577366706214
